Workbook

Sheet Costs
A1: Date | B1: Vendor | C1: Service | D1: Category | E1: BillingCycle | F1: UnitCostGBP | G1: Qty | H1: TotalCostGBP | I1: MonthlyEquivalentGBP | J1: Notes | K1: VerificationStatus | L1: Evidence
A2: 2026-08-18 | B2: Vercel | C2: Hosting plan (Hobby) | D2: Hosting | E2: monthly | F2: 0 | G2: 1 | H2: =F2*G2 | I2: =IF(E2="monthly",H2,IF(E2="yearly",H2/12,0)) | J2: Plan detected from Vercel API (28-day audit window). | K2: verified | L2: Vercel team billing.plan=hobby
A3: 2026-08-18 | B3: Supabase | C3: Database + storage | D3: Hosting | E3: monthly | F3: 0 | G3: 1 | H3: =F3*G3 | I3: =IF(E3="monthly",H3,IF(E3="yearly",H3/12,0)) | J3: Real amount not inferred. Fill from invoice/export. | K3: pending | L3: jobs_28d=45 storage_probe_status=406 storage_probe_details={'code': 'PGRST106', 'details': None, 'hint': 'Only the following schemas are exposed: public, graphql_public', 'message': 'Invalid schema: storage'}
A4: 2026-08-18 | B4: Resend | C4: Transactional email | D4: Email | E4: monthly | F4: 0 | G4: 1 | H4: =F4*G4 | I4: =IF(E4="monthly",H4,IF(E4="yearly",H4/12,0)) | J4: Real amount not inferred. Fill from invoice/export. | K4: pending | L4: emails_28d=4 api_status=200
A5: 2026-08-18 | B5: OpenAI | C5: Model usage | D5: AI/API | E5: monthly | F5: 0 | G5: 1 | H5: =F5*G5 | I5: =IF(E5="monthly",H5,IF(E5="yearly",H5/12,0)) | J5: Real amount not inferred. Fill from invoice/export. | K5: pending | L5: status=403 details={'error': "You have insufficient permissions for this operation. Missing scopes: api.usage.read. Check that you have the correct role in your organization, and if you're using a restricted API key, that it has the necessary scopes."}
A6: 2026-08-18 | B6: Replicate | C6: Image generation usage | D6: AI/API | E6: monthly | F6: 0 | G6: 1 | H6: =F6*G6 | I6: =IF(E6="monthly",H6,IF(E6="yearly",H6/12,0)) | J6: Real amount not inferred. Fill from invoice/export. | K6: pending | L6: predictions_28d=33 predict_time_sec_28d=603.16
A7: 2026-08-18 | B7: PDFShift | C7: PDF generation usage | D7: Tools | E7: monthly | F7: 0 | G7: 1 | H7: =F7*G7 | I7: =IF(E7="monthly",H7,IF(E7="yearly",H7/12,0)) | J7: Real amount not inferred. Fill from invoice/export. | K7: pending | L7: status=403 mode=x-api-key details={'success': False, 'error': 'No remaining credits left.', 'code': 403}
A8: 2026-08-18 | B8: Domain Registrar | C8: dcjoineryni.uk domain | D8: Domain | E8: yearly | F8: 0 | G8: 1 | H8: =F8*G8 | I8: =IF(E8="monthly",H8,IF(E8="yearly",H8/12,0)) | J8: Real amount not inferred. Fill from invoice/export. | K8: pending | L8: Credential present, invoice/usage amount still required.

Sheet Monthly Report
A1: Month | B1: TotalSpentGBP | C1: Domain | D1: Hosting | E1: Email | F1: AI/API | G1: Tools | H1: Other
A2: 2026-01 | B2: =SUMIFS(Costs!$H:$H,Costs!$A:$A,">=2026-01-01",Costs!$A:$A,"<2026-02-01") | C2: =SUMIFS(Costs!$H:$H,Costs!$A:$A,">=2026-01-01",Costs!$A:$A,"<2026-02-01",Costs!$D:$D,"Domain") | D2: =SUMIFS(Costs!$H:$H,Costs!$A:$A,">=2026-01-01",Costs!$A:$A,"<2026-02-01",Costs!$D:$D,"Hosting") | E2: =SUMIFS(Costs!$H:$H,Costs!$A:$A,">=2026-01-01",Costs!$A:$A,"<2026-02-01",Costs!$D:$D,"Email") | F2: =SUMIFS(Costs!$H:$H,Costs!$A:$A,">=2026-01-01",Costs!$A:$A,"<2026-02-01",Costs!$D:$D,"AI/API") | G2: =SUMIFS(Costs!$H:$H,Costs!$A:$A,">=2026-01-01",Costs!$A:$A,"<2026-02-01",Costs!$D:$D,"Tools") | H2: =SUMIFS(Costs!$H:$H,Costs!$A:$A,">=2026-01-01",Costs!$A:$A,"<2026-02-01",Costs!$D:$D,"Other")
A3: 2026-02 | B3: =SUMIFS(Costs!$H:$H,Costs!$A:$A,">=2026-02-01",Costs!$A:$A,"<2026-03-01") | C3: =SUMIFS(Costs!$H:$H,Costs!$A:$A,">=2026-02-01",Costs!$A:$A,"<2026-03-01",Costs!$D:$D,"Domain") | D3: =SUMIFS(Costs!$H:$H,Costs!$A:$A,">=2026-02-01",Costs!$A:$A,"<2026-03-01",Costs!$D:$D,"Hosting") | E3: =SUMIFS(Costs!$H:$H,Costs!$A:$A,">=2026-02-01",Costs!$A:$A,"<2026-03-01",Costs!$D:$D,"Email") | F3: =SUMIFS(Costs!$H:$H,Costs!$A:$A,">=2026-02-01",Costs!$A:$A,"<2026-03-01",Costs!$D:$D,"AI/API") | G3: =SUMIFS(Costs!$H:$H,Costs!$A:$A,">=2026-02-01",Costs!$A:$A,"<2026-03-01",Costs!$D:$D,"Tools") | H3: =SUMIFS(Costs!$H:$H,Costs!$A:$A,">=2026-02-01",Costs!$A:$A,"<2026-03-01",Costs!$D:$D,"Other")
A4: 2026-03 | B4: =SUMIFS(Costs!$H:$H,Costs!$A:$A,">=2026-03-01",Costs!$A:$A,"<2026-04-01") | C4: =SUMIFS(Costs!$H:$H,Costs!$A:$A,">=2026-03-01",Costs!$A:$A,"<2026-04-01",Costs!$D:$D,"Domain") | D4: =SUMIFS(Costs!$H:$H,Costs!$A:$A,">=2026-03-01",Costs!$A:$A,"<2026-04-01",Costs!$D:$D,"Hosting") | E4: =SUMIFS(Costs!$H:$H,Costs!$A:$A,">=2026-03-01",Costs!$A:$A,"<2026-04-01",Costs!$D:$D,"Email") | F4: =SUMIFS(Costs!$H:$H,Costs!$A:$A,">=2026-03-01",Costs!$A:$A,"<2026-04-01",Costs!$D:$D,"AI/API") | G4: =SUMIFS(Costs!$H:$H,Costs!$A:$A,">=2026-03-01",Costs!$A:$A,"<2026-04-01",Costs!$D:$D,"Tools") | H4: =SUMIFS(Costs!$H:$H,Costs!$A:$A,">=2026-03-01",Costs!$A:$A,"<2026-04-01",Costs!$D:$D,"Other")
A5: 2026-04 | B5: =SUMIFS(Costs!$H:$H,Costs!$A:$A,">=2026-04-01",Costs!$A:$A,"<2026-05-01") | C5: =SUMIFS(Costs!$H:$H,Costs!$A:$A,">=2026-04-01",Costs!$A:$A,"<2026-05-01",Costs!$D:$D,"Domain") | D5: =SUMIFS(Costs!$H:$H,Costs!$A:$A,">=2026-04-01",Costs!$A:$A,"<2026-05-01",Costs!$D:$D,"Hosting") | E5: =SUMIFS(Costs!$H:$H,Costs!$A:$A,">=2026-04-01",Costs!$A:$A,"<2026-05-01",Costs!$D:$D,"Email") | F5: =SUMIFS(Costs!$H:$H,Costs!$A:$A,">=2026-04-01",Costs!$A:$A,"<2026-05-01",Costs!$D:$D,"AI/API") | G5: =SUMIFS(Costs!$H:$H,Costs!$A:$A,">=2026-04-01",Costs!$A:$A,"<2026-05-01",Costs!$D:$D,"Tools") | H5: =SUMIFS(Costs!$H:$H,Costs!$A:$A,">=2026-04-01",Costs!$A:$A,"<2026-05-01",Costs!$D:$D,"Other")
A6: 2026-05 | B6: =SUMIFS(Costs!$H:$H,Costs!$A:$A,">=2026-05-01",Costs!$A:$A,"<2026-06-01") | C6: =SUMIFS(Costs!$H:$H,Costs!$A:$A,">=2026-05-01",Costs!$A:$A,"<2026-06-01",Costs!$D:$D,"Domain") | D6: =SUMIFS(Costs!$H:$H,Costs!$A:$A,">=2026-05-01",Costs!$A:$A,"<2026-06-01",Costs!$D:$D,"Hosting") | E6: =SUMIFS(Costs!$H:$H,Costs!$A:$A,">=2026-05-01",Costs!$A:$A,"<2026-06-01",Costs!$D:$D,"Email") | F6: =SUMIFS(Costs!$H:$H,Costs!$A:$A,">=2026-05-01",Costs!$A:$A,"<2026-06-01",Costs!$D:$D,"AI/API") | G6: =SUMIFS(Costs!$H:$H,Costs!$A:$A,">=2026-05-01",Costs!$A:$A,"<2026-06-01",Costs!$D:$D,"Tools") | H6: =SUMIFS(Costs!$H:$H,Costs!$A:$A,">=2026-05-01",Costs!$A:$A,"<2026-06-01",Costs!$D:$D,"Other")
A7: 2026-06 | B7: =SUMIFS(Costs!$H:$H,Costs!$A:$A,">=2026-06-01",Costs!$A:$A,"<2026-07-01") | C7: =SUMIFS(Costs!$H:$H,Costs!$A:$A,">=2026-06-01",Costs!$A:$A,"<2026-07-01",Costs!$D:$D,"Domain") | D7: =SUMIFS(Costs!$H:$H,Costs!$A:$A,">=2026-06-01",Costs!$A:$A,"<2026-07-01",Costs!$D:$D,"Hosting") | E7: =SUMIFS(Costs!$H:$H,Costs!$A:$A,">=2026-06-01",Costs!$A:$A,"<2026-07-01",Costs!$D:$D,"Email") | F7: =SUMIFS(Costs!$H:$H,Costs!$A:$A,">=2026-06-01",Costs!$A:$A,"<2026-07-01",Costs!$D:$D,"AI/API") | G7: =SUMIFS(Costs!$H:$H,Costs!$A:$A,">=2026-06-01",Costs!$A:$A,"<2026-07-01",Costs!$D:$D,"Tools") | H7: =SUMIFS(Costs!$H:$H,Costs!$A:$A,">=2026-06-01",Costs!$A:$A,"<2026-07-01",Costs!$D:$D,"Other")
A8: 2026-07 | B8: =SUMIFS(Costs!$H:$H,Costs!$A:$A,">=2026-07-01",Costs!$A:$A,"<2026-08-01") | C8: =SUMIFS(Costs!$H:$H,Costs!$A:$A,">=2026-07-01",Costs!$A:$A,"<2026-08-01",Costs!$D:$D,"Domain") | D8: =SUMIFS(Costs!$H:$H,Costs!$A:$A,">=2026-07-01",Costs!$A:$A,"<2026-08-01",Costs!$D:$D,"Hosting") | E8: =SUMIFS(Costs!$H:$H,Costs!$A:$A,">=2026-07-01",Costs!$A:$A,"<2026-08-01",Costs!$D:$D,"Email") | F8: =SUMIFS(Costs!$H:$H,Costs!$A:$A,">=2026-07-01",Costs!$A:$A,"<2026-08-01",Costs!$D:$D,"AI/API") | G8: =SUMIFS(Costs!$H:$H,Costs!$A:$A,">=2026-07-01",Costs!$A:$A,"<2026-08-01",Costs!$D:$D,"Tools") | H8: =SUMIFS(Costs!$H:$H,Costs!$A:$A,">=2026-07-01",Costs!$A:$A,"<2026-08-01",Costs!$D:$D,"Other")
A9: 2026-08 | B9: =SUMIFS(Costs!$H:$H,Costs!$A:$A,">=2026-08-01",Costs!$A:$A,"<2026-09-01") | C9: =SUMIFS(Costs!$H:$H,Costs!$A:$A,">=2026-08-01",Costs!$A:$A,"<2026-09-01",Costs!$D:$D,"Domain") | D9: =SUMIFS(Costs!$H:$H,Costs!$A:$A,">=2026-08-01",Costs!$A:$A,"<2026-09-01",Costs!$D:$D,"Hosting") | E9: =SUMIFS(Costs!$H:$H,Costs!$A:$A,">=2026-08-01",Costs!$A:$A,"<2026-09-01",Costs!$D:$D,"Email") | F9: =SUMIFS(Costs!$H:$H,Costs!$A:$A,">=2026-08-01",Costs!$A:$A,"<2026-09-01",Costs!$D:$D,"AI/API") | G9: =SUMIFS(Costs!$H:$H,Costs!$A:$A,">=2026-08-01",Costs!$A:$A,"<2026-09-01",Costs!$D:$D,"Tools") | H9: =SUMIFS(Costs!$H:$H,Costs!$A:$A,">=2026-08-01",Costs!$A:$A,"<2026-09-01",Costs!$D:$D,"Other")
A10: 2026-09 | B10: =SUMIFS(Costs!$H:$H,Costs!$A:$A,">=2026-09-01",Costs!$A:$A,"<2026-10-01") | C10: =SUMIFS(Costs!$H:$H,Costs!$A:$A,">=2026-09-01",Costs!$A:$A,"<2026-10-01",Costs!$D:$D,"Domain") | D10: =SUMIFS(Costs!$H:$H,Costs!$A:$A,">=2026-09-01",Costs!$A:$A,"<2026-10-01",Costs!$D:$D,"Hosting") | E10: =SUMIFS(Costs!$H:$H,Costs!$A:$A,">=2026-09-01",Costs!$A:$A,"<2026-10-01",Costs!$D:$D,"Email") | F10: =SUMIFS(Costs!$H:$H,Costs!$A:$A,">=2026-09-01",Costs!$A:$A,"<2026-10-01",Costs!$D:$D,"AI/API") | G10: =SUMIFS(Costs!$H:$H,Costs!$A:$A,">=2026-09-01",Costs!$A:$A,"<2026-10-01",Costs!$D:$D,"Tools") | H10: =SUMIFS(Costs!$H:$H,Costs!$A:$A,">=2026-09-01",Costs!$A:$A,"<2026-10-01",Costs!$D:$D,"Other")
A11: 2026-10 | B11: =SUMIFS(Costs!$H:$H,Costs!$A:$A,">=2026-10-01",Costs!$A:$A,"<2026-11-01") | C11: =SUMIFS(Costs!$H:$H,Costs!$A:$A,">=2026-10-01",Costs!$A:$A,"<2026-11-01",Costs!$D:$D,"Domain") | D11: =SUMIFS(Costs!$H:$H,Costs!$A:$A,">=2026-10-01",Costs!$A:$A,"<2026-11-01",Costs!$D:$D,"Hosting") | E11: =SUMIFS(Costs!$H:$H,Costs!$A:$A,">=2026-10-01",Costs!$A:$A,"<2026-11-01",Costs!$D:$D,"Email") | F11: =SUMIFS(Costs!$H:$H,Costs!$A:$A,">=2026-10-01",Costs!$A:$A,"<2026-11-01",Costs!$D:$D,"AI/API") | G11: =SUMIFS(Costs!$H:$H,Costs!$A:$A,">=2026-10-01",Costs!$A:$A,"<2026-11-01",Costs!$D:$D,"Tools") | H11: =SUMIFS(Costs!$H:$H,Costs!$A:$A,">=2026-10-01",Costs!$A:$A,"<2026-11-01",Costs!$D:$D,"Other")
A12: 2026-11 | B12: =SUMIFS(Costs!$H:$H,Costs!$A:$A,">=2026-11-01",Costs!$A:$A,"<2026-12-01") | C12: =SUMIFS(Costs!$H:$H,Costs!$A:$A,">=2026-11-01",Costs!$A:$A,"<2026-12-01",Costs!$D:$D,"Domain") | D12: =SUMIFS(Costs!$H:$H,Costs!$A:$A,">=2026-11-01",Costs!$A:$A,"<2026-12-01",Costs!$D:$D,"Hosting") | E12: =SUMIFS(Costs!$H:$H,Costs!$A:$A,">=2026-11-01",Costs!$A:$A,"<2026-12-01",Costs!$D:$D,"Email") | F12: =SUMIFS(Costs!$H:$H,Costs!$A:$A,">=2026-11-01",Costs!$A:$A,"<2026-12-01",Costs!$D:$D,"AI/API") | G12: =SUMIFS(Costs!$H:$H,Costs!$A:$A,">=2026-11-01",Costs!$A:$A,"<2026-12-01",Costs!$D:$D,"Tools") | H12: =SUMIFS(Costs!$H:$H,Costs!$A:$A,">=2026-11-01",Costs!$A:$A,"<2026-12-01",Costs!$D:$D,"Other")
A13: 2026-12 | B13: =SUMIFS(Costs!$H:$H,Costs!$A:$A,">=2026-12-01",Costs!$A:$A,"<2027-01-01") | C13: =SUMIFS(Costs!$H:$H,Costs!$A:$A,">=2026-12-01",Costs!$A:$A,"<2027-01-01",Costs!$D:$D,"Domain") | D13: =SUMIFS(Costs!$H:$H,Costs!$A:$A,">=2026-12-01",Costs!$A:$A,"<2027-01-01",Costs!$D:$D,"Hosting") | E13: =SUMIFS(Costs!$H:$H,Costs!$A:$A,">=2026-12-01",Costs!$A:$A,"<2027-01-01",Costs!$D:$D,"Email") | F13: =SUMIFS(Costs!$H:$H,Costs!$A:$A,">=2026-12-01",Costs!$A:$A,"<2027-01-01",Costs!$D:$D,"AI/API") | G13: =SUMIFS(Costs!$H:$H,Costs!$A:$A,">=2026-12-01",Costs!$A:$A,"<2027-01-01",Costs!$D:$D,"Tools") | H13: =SUMIFS(Costs!$H:$H,Costs!$A:$A,">=2026-12-01",Costs!$A:$A,"<2027-01-01",Costs!$D:$D,"Other")

Sheet Last 4 Weeks
A1: WindowStart | B1: WindowEnd | C1: TotalSpentGBP
A2: 2026-07-21 | B2: 2026-07-28 | C2: =SUMIFS(Costs!$H:$H,Costs!$A:$A,">="&A2,Costs!$A:$A,"<"&B2)
A3: 2026-07-28 | B3: 2026-08-04 | C3: =SUMIFS(Costs!$H:$H,Costs!$A:$A,">="&A3,Costs!$A:$A,"<"&B3)
A4: 2026-08-04 | B4: 2026-08-11 | C4: =SUMIFS(Costs!$H:$H,Costs!$A:$A,">="&A4,Costs!$A:$A,"<"&B4)
A5: 2026-08-11 | B5: 2026-08-18 | C5: =SUMIFS(Costs!$H:$H,Costs!$A:$A,">="&A5,Costs!$A:$A,"<"&B5)

Sheet Dashboard
A1: DC Joinery - Cost Dashboard
A3: Total project spend | B3: =SUM(Costs!H:H)
A4: Monthly recurring equivalent | B4: =SUM(Costs!I:I)
A5: Average monthly spend (this year) | B5: =AVERAGE('Monthly Report'!B2:B13)
A6: Rolling 4 weeks spend | B6: =SUM('Last 4 Weeks'!C2:C5)
A7: Cost by category
A8: Category | B8: TotalGBP
A9: Domain | B9: =SUMIFS(Costs!$H:$H,Costs!$D:$D,"Domain")
A10: Hosting | B10: =SUMIFS(Costs!$H:$H,Costs!$D:$D,"Hosting")
A11: Email | B11: =SUMIFS(Costs!$H:$H,Costs!$D:$D,"Email")
A12: AI/API | B12: =SUMIFS(Costs!$H:$H,Costs!$D:$D,"AI/API")
A13: Tools | B13: =SUMIFS(Costs!$H:$H,Costs!$D:$D,"Tools")
A14: Other | B14: =SUMIFS(Costs!$H:$H,Costs!$D:$D,"Other")

Sheet Audit
A1: Provider | B1: Status | C1: Details | D1: CheckedAt
A2: Vercel | B2: ok | C2: Team dc-joinery plan=hobby | D2: 2026-08-18T13:09:16Z
A3: Supabase | B3: ok | C3: jobs_28d=45 storage_probe_status=406 storage_probe_details={'code': 'PGRST106', 'details': None, 'hint': 'Only the following schemas are exposed: public, graphql_public', 'message': 'Invalid schema: storage'} | D3: 2026-08-18T13:09:16Z
A4: Resend | B4: ok | C4: emails_28d=4 api_status=200 | D4: 2026-08-18T13:09:16Z
A5: OpenAI | B5: pending | C5: status=403 details={'error': "You have insufficient permissions for this operation. Missing scopes: api.usage.read. Check that you have the correct role in your organization, and if you're using a restricted API key, that it has the necessary scopes."} | D5: 2026-08-18T13:09:16Z
A6: Replicate | B6: ok | C6: predictions_28d=33 predict_time_sec_28d=603.16 | D6: 2026-08-18T13:09:16Z
A7: PDFShift | B7: pending | C7: status=403 mode=x-api-key details={'success': False, 'error': 'No remaining credits left.', 'code': 403} | D7: 2026-08-18T13:09:16Z
A8: Domain Registrar | B8: pending | C8: Credential present, invoice/usage amount still required. | D8: 2026-08-18T13:09:16Z
